"id","postedby","star"
"6568c4487b50b7a7f91cebbc",,
"656a0dab5e4f33c7289b81d7",,
"656ae64c1044f0516a647010",,
"656aff6d1044f0516a64739c",,
"657338b828b043f4089a8483","656a054fcdeb1b755d8255ef",4
"657339c028b043f4089a84d6","6578103d23d89fe1c8c3f276",4
"65733b6f28b043f4089a8572","6578103d23d89fe1c8c3f276",4
"65733b6f28b043f4089a8572","6578109623d89fe1c8c3f285",3
"65733d9f28b043f4089a8714",,
"6573408328b043f4089a87a8","6578103d23d89fe1c8c3f276",5
"6573413628b043f4089a87fe","6578103d23d89fe1c8c3f276",4
"6573e158d4e40350f3759a94","6578103d23d89fe1c8c3f276",3
"6573e158d4e40350f3759a94","6578107723d89fe1c8c3f282",5
"6573e59bd4e40350f3759d54",,
"6573e61ed4e40350f3759dcb",,
"6573e6bad4e40350f3759e42",,
"6573e71fd4e40350f3759ec1",,
"6573e786d4e40350f3759f0d",,
"65771c4a4f69eccd7ae76ad7",,
"65771cc94f69eccd7ae76ae7",,
"65771d264f69eccd7ae76b03",,
"65771dc44f69eccd7ae76b60",,
"65771e4e4f69eccd7ae76c10",,
"65771eef4f69eccd7ae76c75",,
"65771f5f4f69eccd7ae76cde",,
"65771fd64f69eccd7ae76d4b",,
"65771fd74f69eccd7ae76d53",,
"657720464f69eccd7ae76e2b","6578105123d89fe1c8c3f279",3
"657720f94f69eccd7ae76f0b","6578105123d89fe1c8c3f279",5
"657721d54f69eccd7ae76f8a","6578105123d89fe1c8c3f279",2
"657722694f69eccd7ae7700b",,
"657722c34f69eccd7ae77090","6578103d23d89fe1c8c3f276",5
"657723964f69eccd7ae77119","6578107723d89fe1c8c3f282",5
"657724004f69eccd7ae771a6",,
"657724694f69eccd7ae77237","6578103d23d89fe1c8c3f276",3
"657724694f69eccd7ae77237","6578107723d89fe1c8c3f282",5
"6577250c4f69eccd7ae7735b","6578103d23d89fe1c8c3f276",5
"657725954f69eccd7ae773f4","6578103d23d89fe1c8c3f276",4
"657725f24f69eccd7ae7748f",,
"657726a64f69eccd7ae7752d","6578109623d89fe1c8c3f285",5
"6577bc9555cd31be0b69335f",,
"6577bcb555cd31be0b693366",,
"6577bcd455cd31be0b693403",,
"6577bde155cd31be0b6934b0",,
"6577bded55cd31be0b6934b7",,
"6577bdf955cd31be0b6934be","6578107723d89fe1c8c3f282",5
"6577be8755cd31be0b6934c7",,
"6577be9355cd31be0b6934ce",,
"6577be9d55cd31be0b6934d5","6578107723d89fe1c8c3f282",4
"6577bea655cd31be0b6934dc","6578107723d89fe1c8c3f282",2
"6577bf3e55cd31be0b6934e7",,
"6577bf4755cd31be0b6934ee","6578105123d89fe1c8c3f279",2
"6577bf4e55cd31be0b6934f5",,
"6577bf6955cd31be0b6935b3","6578105123d89fe1c8c3f279",1
"6577c01555cd31be0b6935bc",,
"6577c02555cd31be0b6935c3","6578105123d89fe1c8c3f279",4
"6577c02d55cd31be0b6935ca",,
"6577c08155cd31be0b6935d3","6578109623d89fe1c8c3f285",5
"6577c08c55cd31be0b6935da",,
"6577c09d55cd31be0b6935e1",,
"6577c11f55cd31be0b6936b6",,
"6577c13655cd31be0b6936bd",,
"6577c14855cd31be0b6936c4",,
"6577c1ae55cd31be0b6936cd",,
"6577c1b655cd31be0b6936d4",,
"6577c1c055cd31be0b6936db",,
"6577c2ed55cd31be0b6937c2",,
"6577c2fa55cd31be0b6937c9",,
"6577c35155cd31be0b6937d0","6578107723d89fe1c8c3f282",5
"6577c3a355cd31be0b6937d9","6578107723d89fe1c8c3f282",2
"6577c3b455cd31be0b6937e0",,
"6577c3ca55cd31be0b6937e7","6578107723d89fe1c8c3f282",5
"6577c4cf55cd31be0b6937f2",,
"6577c4e155cd31be0b6937f9","6578107723d89fe1c8c3f282",5
"6577c4ee55cd31be0b693800","6578109623d89fe1c8c3f285",4
"6577c67555cd31be0b693a0a",,
"6577c68355cd31be0b693a11",,
"6577c69955cd31be0b693a18",,
"6577c70655cd31be0b693a21",,
"6577c71255cd31be0b693a28",,
"6577c71d55cd31be0b693a2f",,
"6577c77a55cd31be0b693a38",,
"6577c78a55cd31be0b693a3f",,
"6577c79555cd31be0b693a46",,
"6577c9c755cd31be0b693b63",,
"6577c9d455cd31be0b693b6a",,
"6577c9e155cd31be0b693b71",,
"6577cb5c55cd31be0b693dd1",,
"6577cb6e55cd31be0b693dd8",,
"6577cb7b55cd31be0b693ddf",,
"6577cc0955cd31be0b693f19",,
"6577cc1a55cd31be0b693f20",,
"6577cc2655cd31be0b693f27","6578107723d89fe1c8c3f282",4
"6577ccee55cd31be0b694061",,
"6577ccf955cd31be0b694068","6578107723d89fe1c8c3f282",3
"6577cd0555cd31be0b69406f",,
"6577cd9555cd31be0b694078","6578107723d89fe1c8c3f282",5
"6577cda055cd31be0b69407f",,
"6577cdac55cd31be0b694086","6578105123d89fe1c8c3f279",5
"6577ce3155cd31be0b69408f","6578105123d89fe1c8c3f279",4
"6577ce3d55cd31be0b694096",,
"6577ce4c55cd31be0b69409d",,
"6577ceb455cd31be0b6940a6",,
"6577cec255cd31be0b6940ad","6578105123d89fe1c8c3f279",4
"6577cecd55cd31be0b6940b4","6578103d23d89fe1c8c3f276",5
"6577d09555cd31be0b6940ec","6578103d23d89fe1c8c3f276",4
"6577d0a555cd31be0b6940f3",,
"6577d0f155cd31be0b6940fc","6578103d23d89fe1c8c3f276",5
"6577d11955cd31be0b6943bb","6578109623d89fe1c8c3f285",5
"6577d20f55cd31be0b6943db","6578103d23d89fe1c8c3f276",2
"6577d20f55cd31be0b6943db","6578109623d89fe1c8c3f285",4
"6577d21855cd31be0b6943e2","6578109623d89fe1c8c3f285",3
"6577d22455cd31be0b6943e9","6578109623d89fe1c8c3f285",5
"6577d26055cd31be0b6943f2",,
"6577d27355cd31be0b6943f9",,
"6577d28555cd31be0b694400",,
"6577d2d255cd31be0b694409",,
"6577d2ed55cd31be0b694410","6578107723d89fe1c8c3f282",3
"6577d2fc55cd31be0b694417","6578107723d89fe1c8c3f282",4
"6577d35555cd31be0b694420",,
"6577d37655cd31be0b694427",,
"6577d6d655cd31be0b694773",,
"6577d6e455cd31be0b69477a","6578107723d89fe1c8c3f282",5
"6577d73b55cd31be0b694783",,
"6577d74855cd31be0b69478a","6578107723d89fe1c8c3f282",5
"6577d7a655cd31be0b694793",,
"6577d7af55cd31be0b69479a","6578107723d89fe1c8c3f282",5
"6577d80255cd31be0b6947a3",,
"6577d80e55cd31be0b6947aa",,
"6577d8cd55cd31be0b6947b7",,
"6577d8da55cd31be0b6947be",,
"6577d91255cd31be0b6947c5",,
"6578093323d89fe1c8c3ee2c",,
"6578094823d89fe1c8c3ee33",,
"657809e023d89fe1c8c3ee3e",,
"65780a4023d89fe1c8c3ee45","6578103d23d89fe1c8c3f276",4
"65780a4023d89fe1c8c3ee45","6578109623d89fe1c8c3f285",5
"65780a9b23d89fe1c8c3ee4e","6578103d23d89fe1c8c3f276",5
"65780a9b23d89fe1c8c3ee4e","6578107723d89fe1c8c3f282",3
"65780aaf23d89fe1c8c3ee55","6578107723d89fe1c8c3f282",1
"65780b5123d89fe1c8c3ee60",,
"65780b5f23d89fe1c8c3ee67",,
"65780bdf23d89fe1c8c3f029",,
"65780bee23d89fe1c8c3f030","6578103d23d89fe1c8c3f276",4
"65780c6f23d89fe1c8c3f03b","6578109623d89fe1c8c3f285",4
"65780c8223d89fe1c8c3f042",,
"65780cc923d89fe1c8c3f04b","6578103d23d89fe1c8c3f276",1
"65780cd623d89fe1c8c3f052","6578103d23d89fe1c8c3f276",5
"65780d4323d89fe1c8c3f05d",,
"65780d5023d89fe1c8c3f064",,
"65780d5d23d89fe1c8c3f06b","6578107723d89fe1c8c3f282",4
"65780dac23d89fe1c8c3f074","6578107723d89fe1c8c3f282",5
"65780dac23d89fe1c8c3f074","6578109623d89fe1c8c3f285",5
"65780dbc23d89fe1c8c3f07b","6578105123d89fe1c8c3f279",5
"65780e3923d89fe1c8c3f086","6578105123d89fe1c8c3f279",5
"65780e4823d89fe1c8c3f08d","6578107723d89fe1c8c3f282",5
"659ea0cf57d3da459170e7e3",,
"65a14d798f33e4509fa8f227",,